"price","brand","mileage"
6300,"toyota",274117
2899,"ford",190552
5350,"dodge",39590
25000,"ford",64146
27700,"chevrolet",6654
5700,"dodge",45561
7300,"chevrolet",149050
13350,"gmc",23525
14600,"chevrolet",9371
5250,"ford",63418
10400,"dodge",107856
12920,"gmc",39650
31900,"chevrolet",22909
5430,"chrysler",138650
20700,"ford",100757
12710,"gmc",25747
5200,"kia",46194
16500,"buick",20002
5210,"ford",35714
38100,"ford",54380
12520,"gmc",30114
7300,"kia",38823
15000,"chevrolet",61578
6180,"ford",46010
20800,"ford",105510
11900,"gmc",28040
21500,"kia",11451
12000,"buick",31039
4190,"ford",44174
13000,"ford",93698
12710,"gmc",26364
18500,"infiniti",71967
29800,"chevrolet",46226
5330,"ford",37792
13000,"ford",58817
11900,"gmc",27965
16600,"mercedes-benz",110907
19200,"chevrolet",2430
7320,"ford",32366
7000,"ford",176567
12710,"gmc",30049
16600,"mercedes-benz",97983
30500,"chevrolet",30442
6330,"ford",38123
55000,"ford",15273
12520,"gmc",28972
16200,"jeep",30061
19000,"chevrolet",18414
5580,"dodge",46829
54000,"ford",26241
12710,"gmc",39886
16000,"jeep",31594
27000,"buick",32107
7760,"ford",44794
19600,"chrysler",42648
12920,"gmc",39165
20000,"jeep",38355
18100,"buick",46766
23000,"chrysler",2473
18500,"chrysler",38586
13490,"gmc",27842
20700,"jeep",31156
17800,"chevrolet",52435
6650,"ford",29942
29100,"chrysler",25281
12710,"gmc",32504
21100,"jeep",28649
18600,"chevrolet",35200
4340,"ford",25602
19300,"chrysler",34801
12780,"gmc",31009
15800,"jeep",35595
29400,"bmw",23765
4430,"ford",31792
19400,"chrysler",33135
12520,"gmc",30636
15900,"jeep",34502
26400,"buick",25434
4140,"ford",36732
18300,"chrysler",41792
12520,"gmc",31992
17900,"jeep",32501
18300,"chevrolet",28395
4640,"ford",36139
24000,"ford",84413
13200,"gmc",33457
18000,"jeep",29245
14900,"chevrolet",12783
4140,"ford",17617
11500,"ford",36855
9110,"ford",110316
7350,"chrysler",88227
24500,"bmw",17626
9300,"ford",120353
39800,"dodge",3641
53500,"bmw",29355
15110,"ford",39333
34000,"ford",42930
26502,"chevrolet",24993
5990,"ford",44929
13600,"ford",16971
23605,"cadillac",35598
10780,"ford",40455
13800,"ford",23164
25201,"cadillac",19011
7070,"ford",45191
8700,"ford",21405
18003,"chevrolet",19117
8530,"ford",42104
23100,"dodge",49496
24500,"cadillac",32418
7000,"ford",29882
17000,"ford",34819
34002,"chevrolet",31923
6980,"ford",29168
25000,"dodge",28307
20802,"chevrolet",33791
9200,"ford",21770
26500,"chrysler",18375
24802,"chevrolet",14158
7070,"ford",30318
28500,"ford",48086
47500,"cadillac",26562
23500,"ford",57611
23505,"chevrolet",47357
10940,"ford",84916
32100,"ford",24521
53000,"chevrolet",16105
6830,"ford",35888
11900,"dodge",59537
26414,"chevrolet",55222
4160,"dodge",32870
19405,"chevrolet",39687
5690,"dodge",47085
25900,"chrysler",32224
24005,"chevrolet",51293
5090,"dodge",42989
19500,"chrysler",31311
32012,"chevrolet",46091
6800,"dodge",49033
4260,"dodge",33957
0,"dodge",177948
31802,"chevrolet",19845
7210,"dodge",38910
0,"dodge",123660
28402,"chevrolet",31234
6800,"dodge",36767
33300,"cadillac",57932
10780,"dodge",19420
6700,"ford",204155
20000,"chevrolet",93493
6440,"chrysler",20942
19900,"ford",86826
37000,"chevrolet",45787
4040,"dodge",50765
22300,"ford",62774
31200,"chevrolet",76326
4290,"dodge",39029
22800,"ford",72885
19002,"cadillac",46467
4160,"dodge",6743
18500,"ford",33514
39000,"bmw",39917
6060,"dodge",32504
28800,"ford",77638
40000,"bmw",31727
6140,"dodge",52966
21000,"ford",24157
20105,"buick",51393
6760,"dodge",35461
25800,"ford",47055
39000,"bmw",33110
5470,"dodge",39721
14600,"ford",75785
24502,"chevrolet",33624
15110,"ford",42289
7900,"ford",79422
27305,"chevrolet",28844
15290,"ford",66582
26500,"ford",61436
25502,"chevrolet",58303
7320,"ford",55618
3800,"chevrolet",261648
24502,"chevrolet",33045
4140,"ford",40747
1400,"dodge",185460
18402,"cadillac",26667
4160,"ford",37176
175,"chrysler",231240
24503,"chevrolet",18006
15840,"ford",72445
20500,"ford",123355
21003,"chevrolet",44116
4200,"ford",60219
17400,"ford",135077
32001,"chevrolet",32058
0,"ford",76858
15700,"ford",309564
31009,"chevrolet",33928
3740,"ford",90618
5000,"dodge",109360
31002,"chevrolet",71809
3160,"ford",31563
8600,"dodge",219823
6000,"chevrolet",42090
12990,"ford",126523
25,"chevrolet",7232
13200,"buick",60171
4410,"ford",209915
25,"chrysler",151815
22500,"chevrolet",13826
7420,"ford",55854
13500,"ford",45757
15500,"chevrolet",16545
3540,"ford",112893
17000,"ford",126802
45500,"chevrolet",13303
4130,"ford",34061
15700,"ford",70251
45500,"chevrolet",13679
4130,"ford",42426
15500,"dodge",66452
16300,"chevrolet",18221
4530,"ford",41455
15600,"dodge",35275
45500,"chevrolet",13885
4100,"ford",38815
18200,"dodge",162281
10200,"chevrolet",56479
4080,"ford",61027
5700,"ford",178703
10200,"chevrolet",173469
5000,"ford",37321
1700,"ford",112789
6200,"bmw",80394
3650,"ford",68142
10500,"dodge",74203
43500,"chevrolet",57604
4610,"dodge",87229
3450,"ford",90711
38500,"chevrolet",11135
6810,"ford",66781
2900,"ford",190994
43500,"chevrolet",56007
4450,"ford",32486
5800,"ford",195908
16500,"chevrolet",18020
4240,"dodge",83262
26500,"ford",62015
13700,"chevrolet",36421
8600,"ford",73321
8000,"ford",132379
14200,"chevrolet",28013
7040,"ford",33291
4700,"ford",225236
30851,"chevrolet",43176
4880,"ford",36876
14500,"dodge",111782
7600,"chevrolet",110489
13270,"ford",84035
12800,"ford",131101
33000,"chevrolet",52521
9280,"ford",101380
900,"ford",142027
7560,"ford",111476
19500,"ford",76897
17100,"chevrolet",15780
8020,"ford",31944
10300,"ford",18937
22600,"chevrolet",9706
10480,"ford",57289
10300,"ford",19956
22700,"chevrolet",6075
7410,"ford",21034
10300,"ford",22881
10300,"chevrolet",167600
7570,"ford",37252
67000,"dodge",10944
18900,"chevrolet",27601
12560,"ford",15958
33000,"dodge",32251
18300,"chevrolet",25809
11760,"ford",30553
31700,"dodge",26549
25,"dodge",160528
0,"ford",124969
7340,"ford",15854
8200,"hyundai",56690
3000,"kia",97142
6530,"jeep",10185
0,"mazda",117541
12700,"kia",23514
13800,"kia",86959
0,"chevrolet",258631
725,"ford",67279
7400,"ford",16482
9800,"hyundai",35687
0,"honda",152608
4400,"jeep",17911
10330,"infiniti",21278
1800,"chevrolet",47269
50,"chevrolet",172102
720,"ford",26914
22800,"ford",67217
2500,"ford",78698
0,"ford",246065
9190,"gmc",41961
10900,"jeep",13273
10400,"infiniti",31713
0,"chevrolet",0
0,"chevrolet",194673
7320,"chevrolet",325611
22809,"ford",50732
0,"ford",186855
0,"ford",94004
5520,"gmc",52904
10900,"jeep",14195
6330,"jeep",43965
0,"chevrolet",117059
25,"chevrolet",149189
2320,"dodge",112182
23702,"ford",49024
0,"ford",0
0,"ford",203297
5520,"gmc",35821
4050,"heartland",1
14810,"infiniti",32611
25,"chevrolet",105244
2960,"chrysler",164048
24800,"ford",46955
0,"ford",296860
0,"ford",203158
6270,"gmc",70443
1880,"heartland",1
10050,"infiniti",18229
225,"chevrolet",87673
26900,"chevrolet",42941
1420,"chrysler",104405
27003,"ford",57186
0,"ford",214800
350,"ford",236980
5600,"gmc",59808
6680,"heartland",1
10120,"infiniti",20681
0,"chevrolet",137422
3920,"ford",102700
23100,"ford",53270
0,"gmc",235348
5630,"gmc",27195
0,"heartland",1
2800,"jaguar",20849
0,"chevrolet",159266
8850,"ford",143818
18712,"ford",67347
0,"ford",180364
0,"ford",184889
6300,"gmc",117400
2220,"heartland",1
6930,"jeep",47798
25,"chevrolet",130623
3440,"ford",124542
50412,"ford",47129
25,"ford",206162
950,"ford",229886
9270,"gmc",19490
11380,"jeep",12038
5350,"hyundai",43536
2725,"chevrolet",308451
3790,"ford",100893
40514,"ford",90304
0,"ford",146912
0,"ford",131367
9190,"gmc",31394
10330,"infiniti",25933
1000,"acura",118250
2925,"bmw",46060
3830,"ford",50593
43402,"ford",62387
1025,"gmc",169634
17200,"honda",72527
54680,"harley-davidson",9502
6940,"honda",217290
13080,"infiniti",17243
25,"chevrolet",194903
10630,"ford",82899
43009,"ford",76418
25,"gmc",138441
4600,"ford",240740
4950,"honda",71404
3760,"hyundai",30382
3900,"acura",179389
0,"cadillac",105169
3830,"ford",82534
53500,"ford",55732
25,"ford",198596
25,"ford",300021
6240,"honda",83623
4150,"jeep",108895
25,"jeep",226972
61200,"bmw",7509
0,"buick",137464
13500,"bmw",33542
6490,"ford",74754
51502,"ford",27661
250,"ford",115241
25,"ford",41577
8160,"honda",109027
7770,"jeep",72732
200,"jeep",126400
25,"audi",177422
0,"chevrolet",274706
1825,"bmw",77984
39800,"bmw",23177
9210,"ford",26911
58500,"ford",21527
125,"ford",56461
3960,"honda",95128
5998,"hyundai",122975
3700,"honda",162824
0,"kia",148463
0,"audi",181896
0,"bmw",216657
5000,"gmc",140339
15050,"infiniti",26786
3960,"hyundai",35623
36300,"lincoln",14541
55600,"lexus",8186
2630,"nissan",36739
5690,"nissan",42616
19500,"audi",65833
450,"chevrolet",123515
20400,"cadillac",36122
4320,"chevrolet",88359
33001,"ford",35905
10000,"ford",35747
0,"ford",167011
5790,"gmc",105020
14750,"infiniti",11047
4010,"hyundai",31233
40000,"mercedes-benz",19427
13000,"kia",71991
3550,"nissan",29043
3040,"nissan",36064
0,"chevrolet",270080
36400,"audi",47213
4480,"ford",116480
31003,"ford",72084
75,"ford",295780
8850,"gmc",148035
14750,"infiniti",11396
4690,"hyundai",33785
23000,"land",20103
46900,"land",32387
10740,"mercedes-benz",48140
3160,"nissan",34861
0,"chevrolet",268040
3450,"chrysler",114119
27102,"ford",34165
500,"gmc",27442
5100,"gmc",144792
15010,"infiniti",11394
5800,"jeep",30546
23200,"land",23745
8000,"hyundai",88274
3390,"nissan",38349
3140,"nissan",30142
25,"chevrolet",267834
15000,"bmw",44730
10440,"chevrolet",92476
23911,"ford",25698
25,"ford",155242
21400,"gmc",54332
5380,"gmc",119215
11000,"jeep",8930
4950,"jeep",46985
22500,"land",30220
30300,"maserati",37021
2630,"nissan",43152
3140,"nissan",34318
2300,"chevrolet",88287
4310,"chevrolet",105486
26012,"ford",19850
75,"ford",116535
48500,"gmc",15777
3330,"gmc",87448
11200,"jeep",8395
4730,"hyundai",30121
24900,"mercedes-benz",33687
29400,"mercedes-benz",37561
8350,"nissan",32256
475,"peterbilt",902041
3210,"nissan",25255
25,"chevrolet",165327
4200,"chevrolet",118009
8430,"chevrolet",114547
25503,"ford",18647
0,"ford",252588
26000,"gmc",16669
3900,"honda",47970
11200,"jeep",12905
8610,"jeep",22123
28000,"mercedes-benz",40780
84900,"mercedes-benz",25302
10840,"lexus",36596
100,"peterbilt",0
11050,"ram",30421
0,"chevrolet",134938
1000,"chevrolet",135675
3570,"dodge",17355
25001,"ford",27773
0,"ford",86841
5630,"gmc",58366
11100,"jeep",11229
4650,"hyundai",27492
0,"lincoln",89705
3820,"nissan",41654
0,"peterbilt",982486
2900,"nissan",31954
50,"chevrolet",172102
5100,"chevrolet",173321
4700,"dodge",93423
29502,"ford",14053
0,"ford",145483
6160,"honda",25956
10910,"jeep",12253
3440,"hyundai",34895
16000,"mazda",47753
3810,"kia",39408
1025,"peterbilt",1017936
3020,"nissan",33599
0,"chevrolet",194673
2000,"chevrolet",507985
3870,"ford",185983
24811,"ford",28464
75,"ford",154989
5420,"honda",16702
11100,"jeep",11449
4750,"hyundai",25847
17900,"mercedes-benz",49772
3800,"nissan",83915
3160,"nissan",40306
25,"chevrolet",149189
1200,"chevrolet",149543
6470,"chevrolet",69622
26400,"ford",36295
0,"gmc",0
32500,"gmc",14856
6900,"honda",44129
11030,"jeep",10861
3460,"hyundai",142106
18000,"mercedes-benz",82411
3250,"hyundai",111612
3210,"nissan",35251
13200,"chevrolet",50408
27705,"ford",15630
7200,"chevrolet",53273
28714,"ford",14786
11200,"chevrolet",85315
27502,"ford",16146
11900,"chevrolet",76211
29314,"ford",15265
11200,"chevrolet",79965
27002,"ford",16059
13200,"chevrolet",62739
28214,"ford",15569
12700,"chevrolet",58932
29900,"ford",17488
12700,"chevrolet",60733
27202,"ford",18550
13500,"chevrolet",53194
27705,"ford",17644
14700,"chevrolet",34454
29900,"ford",17684
4500,"chevrolet",83279
27705,"ford",16600
8000,"chevrolet",107971
25511,"ford",17801
7700,"chevrolet",94150
29900,"ford",17159
7200,"chevrolet",80711
27502,"ford",17983
4500,"chevrolet",119981
27402,"ford",17851
1500,"chevrolet",66079
26602,"ford",18174
10200,"chevrolet",7654
29900,"ford",18759
14000,"chevrolet",11564
28500,"ford",18901
8000,"chevrolet",86541
29809,"ford",21157
36900,"chevrolet",29937
26902,"ford",23964
10950,"chevrolet",58504
27402,"ford",20154
16900,"acura",63500
25600,"ford",23294
29700,"bmw",24293
27702,"ford",20343
13500,"buick",19655
27102,"ford",19100
27102,"ford",20014
25811,"ford",21774
26602,"ford",21201
27102,"ford",21766
37500,"buick",12406
26211,"ford",17977
24205,"ford",22805
37500,"cadillac",16013
27111,"ford",14382
27411,"ford",9660
27302,"ford",18969
27202,"ford",24730
26311,"ford",15847
26602,"ford",25009
33500,"bmw",22115
27511,"ford",11836
21500,"buick",23765
27200,"ford",25508
26511,"ford",18196
24002,"ford",16106
21500,"buick",14907
18511,"ford",12735
14000,"kia",53424
29000,"buick",17940
23402,"ford",17417
13300,"kia",37125
19700,"bmw",61428
23211,"ford",17025
15500,"kia",37668
18111,"ford",15805
21500,"kia",43761
25511,"ford",11342
17700,"chevrolet",35664
28000,"chevrolet",12780
14000,"chevrolet",38458
21700,"chevrolet",34420
13500,"chevrolet",46497
35500,"chevrolet",21268
29500,"chevrolet",31029
25300,"chevrolet",40878
21500,"chevrolet",20270
25900,"chevrolet",32984
35300,"chevrolet",75506
13500,"chevrolet",39951
62000,"chevrolet",19403
46000,"chevrolet",4445
9000,"chevrolet",67527
25900,"chevrolet",33588
25800,"chevrolet",10103
17000,"chevrolet",26474
12800,"chevrolet",40253
47400,"chevrolet",39624
24400,"chevrolet",48705
17100,"chevrolet",19659
7400,"chevrolet",91299
33100,"chevrolet",81614
22000,"chevrolet",179
35000,"chevrolet",5523
16500,"chevrolet",29841
35300,"chevrolet",8516
26900,"chevrolet",42941
11600,"chevrolet",27498
28100,"chevrolet",31141
27700,"chevrolet",20784
17700,"chevrolet",52667
16600,"chevrolet",26003
63200,"chevrolet",4266
36800,"chevrolet",32332
19500,"chevrolet",44333
38800,"chevrolet",36198
37500,"chevrolet",33331
35000,"chevrolet",43082
31100,"chevrolet",24561
22600,"chevrolet",13485
22400,"chevrolet",15524
22700,"chevrolet",8996
13700,"chevrolet",47282
37100,"chevrolet",34470
18500,"chevrolet",87264
18300,"chevrolet",114344
19000,"chevrolet",111635
18500,"chevrolet",103955
22500,"chevrolet",66640
14500,"chevrolet",122018
32800,"chevrolet",46915
12300,"chevrolet",53599
19600,"chevrolet",41672
13600,"chevrolet",36047
7200,"chevrolet",42561
19900,"chevrolet",40345
13000,"chevrolet",41751
19700,"chevrolet",27593
9400,"chevrolet",24009
23800,"chevrolet",85697
17700,"chevrolet",25223
17000,"chevrolet",27927
14000,"chevrolet",135127
32100,"chevrolet",55532
33100,"chevrolet",72172
31600,"chevrolet",57751
5100,"chevrolet",96314
4100,"chevrolet",89152
7200,"chevrolet",114660
12800,"chevrolet",177322
46800,"chevrolet",36423
21800,"chevrolet",23759
3000,"chevrolet",120667
22500,"chevrolet",65344
35300,"chevrolet",51347
16500,"chevrolet",52322
33000,"chevrolet",67620
31500,"chevrolet",59965
34500,"chevrolet",28739
8000,"chevrolet",77429
25000,"chevrolet",20847
10700,"chevrolet",44280
13400,"chevrolet",86031
16500,"chevrolet",7622
34000,"chevrolet",8067
14100,"chevrolet",16502
38600,"chevrolet",20681
9100,"chevrolet",54655
8600,"chevrolet",57825
22000,"chevrolet",58856
8900,"chevrolet",85072
15500,"chevrolet",79506
3300,"chevrolet",85301
29000,"chevrolet",69377
17300,"chevrolet",15577
30500,"chevrolet",23470
25000,"chevrolet",18715
2800,"chevrolet",61258
3300,"chevrolet",131791
36400,"chevrolet",35705
34800,"chevrolet",48982
20700,"chevrolet",33745
32200,"chevrolet",42267
35300,"chevrolet",46863
33500,"chevrolet",36443
13700,"chevrolet",14939
15900,"chevrolet",22026
33200,"chevrolet",38278
35500,"chevrolet",46149
29800,"chevrolet",48427
29800,"chevrolet",48807
29500,"chevrolet",52618
30300,"chevrolet",46494
24300,"chevrolet",56296
29800,"chevrolet",33909
29800,"chevrolet",33028
27500,"chevrolet",44653
10800,"chevrolet",80516
11500,"chevrolet",105151
10400,"chevrolet",78368
11400,"chevrolet",78956
11400,"chevrolet",88564
8000,"chevrolet",78800
3000,"chevrolet",111856
25000,"chevrolet",80946
12300,"chevrolet",83168
14100,"chevrolet",58606
9000,"chevrolet",82020
4200,"chevrolet",102500
22500,"chevrolet",8150
22600,"chevrolet",6159
22600,"chevrolet",5938
22500,"chevrolet",9019
10200,"chevrolet",45836
42700,"chevrolet",60215
21200,"chevrolet",125507
22700,"chevrolet",90944
22000,"chevrolet",82785
9600,"chevrolet",150525
10500,"chevrolet",112267
6700,"chevrolet",139394
14200,"chevrolet",82543
15500,"chevrolet",13532
35100,"chevrolet",14751
26300,"chevrolet",11150
15700,"chevrolet",91248
17600,"chevrolet",65336
18600,"chevrolet",48974
19100,"chevrolet",40011
15200,"chevrolet",37444
16100,"chevrolet",43199
14800,"chevrolet",43589
16700,"chevrolet",32870
15300,"chevrolet",38826
16500,"chevrolet",33739
19600,"chevrolet",35309
15200,"chevrolet",32248
15000,"chevrolet",36165
15500,"chevrolet",29922
15700,"chevrolet",26848
14800,"chevrolet",41163
9200,"chevrolet",32856
8200,"chevrolet",100315
11400,"chevrolet",91638
6500,"chevrolet",83173
11500,"chevrolet",94356
23800,"chevrolet",85792
8900,"chevrolet",129068
28300,"chevrolet",27665
27300,"chevrolet",25427
3500,"chevrolet",78198
28300,"chevrolet",13886
18300,"chevrolet",34538
22500,"dodge",20575
22500,"dodge",26026
8300,"dodge",99015
16500,"dodge",27327
14500,"dodge",30229
30000,"dodge",43294
30000,"dodge",54309
30000,"dodge",52822
30000,"dodge",45554
30000,"dodge",37538
29500,"dodge",35153
21600,"dodge",23783
22600,"dodge",30759
16300,"dodge",38922
8600,"dodge",165836
28800,"dodge",19235
22100,"dodge",9445
14300,"dodge",19164
13700,"dodge",54106
29500,"dodge",32051
18500,"dodge",14870
19000,"dodge",32294
43400,"dodge",7250
46000,"dodge",10145
12500,"dodge",59924
13900,"dodge",21304
13000,"dodge",52079
13000,"dodge",54960
3000,"dodge",80099
17500,"dodge",23987
7900,"dodge",84144
8900,"dodge",85639
11500,"dodge",50193
6500,"dodge",74392
8000,"dodge",76117
18700,"dodge",36358
8350,"dodge",90685
27900,"dodge",54141
14500,"dodge",82240
6200,"dodge",66167
7500,"dodge",144220
20200,"dodge",24722
29300,"dodge",41198
31000,"dodge",26353
32400,"dodge",28280
5800,"dodge",130120
21500,"dodge",15340
23100,"dodge",12265
4500,"dodge",94872
24800,"dodge",17946
23000,"dodge",26996
26900,"dodge",5775
21500,"dodge",6748
15700,"dodge",38128
15200,"dodge",41636
23300,"dodge",5359
6100,"dodge",70296
20000,"dodge",11346
53000,"dodge",7415
3000,"dodge",107593
18200,"dodge",50639
21800,"dodge",6530
52000,"dodge",17432
19000,"dodge",19636
25000,"dodge",41748
36000,"dodge",13162
17000,"dodge",32937
25300,"dodge",23095
14900,"dodge",34432
15000,"dodge",48162
12995,"dodge",68310
17750,"dodge",48000
10295,"dodge",105962
16995,"dodge",96575
25000,"dodge",13239
23995,"dodge",24934
14900,"dodge",46859
15810,"dodge",44468
20227,"dodge",62230
20999,"dodge",37082
22499,"dodge",23964
23495,"dodge",11204
25250,"dodge",7608
15322,"dodge",49982
21232,"dodge",4950
5800,"dodge",111628
29000,"dodge",15927
17000,"dodge",36299
13800,"dodge",28469
30000,"dodge",29086
14800,"dodge",35991
8500,"dodge",62224
9800,"dodge",86500
4200,"dodge",144725
2500,"dodge",163260
28700,"dodge",19636
18500,"dodge",34272
17300,"dodge",42909
7100,"dodge",55749
3250,"dodge",89142
30700,"dodge",20328
3000,"dodge",149332
26500,"dodge",28551
20800,"dodge",35098
20800,"dodge",35365
5100,"dodge",88398
18900,"dodge",27957
24000,"dodge",30161
38800,"dodge",26292
24500,"dodge",25780
24500,"dodge",25032
6500,"dodge",72248
24000,"dodge",30630
18000,"dodge",86125
24000,"dodge",30408
23500,"dodge",35443
4500,"dodge",95377
25900,"dodge",32724
13900,"dodge",45089
14200,"dodge",35948
15400,"dodge",41601
17500,"dodge",26370
17500,"dodge",18271
18000,"dodge",9476
25200,"dodge",80899
14100,"dodge",57394
13300,"dodge",42190
16200,"dodge",22591
13300,"dodge",48681
13100,"dodge",42621
15500,"dodge",27761
4500,"dodge",107768
28400,"dodge",14355
17400,"dodge",9467
6000,"dodge",122837
20700,"dodge",18313
20300,"dodge",19506
14000,"dodge",14750
22000,"dodge",11280
17200,"dodge",13944
15000,"dodge",26922
17500,"dodge",12690
1300,"dodge",239822
1750,"dodge",74975
16300,"dodge",28289
15700,"dodge",38041
10000,"dodge",52386
23100,"dodge",34391
14900,"dodge",39515
16700,"dodge",22074
16300,"dodge",28782
25800,"dodge",30092
23800,"dodge",26443
16800,"dodge",28981
15500,"dodge",32865
6000,"dodge",117258
26900,"dodge",16397
16900,"dodge",16176
19500,"dodge",1091
15400,"dodge",17472
2300,"dodge",123882
17000,"dodge",10341
34000,"dodge",19695
13700,"dodge",51041
19100,"dodge",22646
11800,"dodge",18138
27500,"dodge",23987
26900,"dodge",17160
27100,"dodge",26929
27200,"dodge",25815
9000,"dodge",81992
22500,"dodge",5000
7700,"dodge",62683
4500,"dodge",107224
2200,"dodge",184905
21500,"dodge",35153
18800,"dodge",26474
21800,"dodge",30943
20300,"dodge",17154
8200,"dodge",79637
19000,"dodge",12123
8400,"dodge",107822
19500,"dodge",10221
7000,"dodge",95278
19500,"dodge",13457
8500,"dodge",69936
20500,"dodge",13520
4900,"dodge",96922
20800,"dodge",72594
28500,"dodge",17896
21900,"dodge",11088
15800,"dodge",29567
33000,"dodge",15655
22700,"dodge",26428
21900,"dodge",29003
19300,"dodge",32229
30700,"dodge",26503
19300,"dodge",15446
13750,"dodge",128556
16400,"dodge",23369
19500,"dodge",8767
15100,"dodge",48319
28500,"dodge",15275
15300,"dodge",33826
20300,"dodge",16679
22000,"dodge",26184
16700,"dodge",21203
19300,"dodge",17870
34100,"dodge",17909
14600,"dodge",41126
18200,"dodge",14098
33800,"dodge",15003
15900,"dodge",29105
16500,"dodge",34794
29600,"dodge",20034
14100,"dodge",46942
18200,"dodge",14753
18200,"dodge",14359
24300,"dodge",34922
15400,"dodge",20944
19000,"dodge",9877
19000,"dodge",8949
27800,"dodge",13627
18200,"dodge",18291
15000,"dodge",38029
19200,"dodge",32593
15500,"dodge",37352
24900,"dodge",23030
15500,"dodge",30671
7600,"dodge",79544
18400,"dodge",15027
14700,"dodge",29115
3900,"dodge",93604
5200,"dodge",100203
17200,"dodge",35401
18700,"dodge",20279
32000,"dodge",26090
14500,"dodge",107924
19400,"dodge",14906
17300,"dodge",34407
16700,"dodge",18049
19100,"dodge",18132
11100,"dodge",109176
32000,"dodge",25456
16900,"dodge",38375
18000,"dodge",39792
17800,"dodge",30403
18000,"dodge",28252
17500,"dodge",31904
14500,"dodge",24336
18500,"dodge",23961
18600,"dodge",22919
32000,"dodge",22863
17000,"dodge",38817
16000,"dodge",48854
18000,"dodge",27288
15900,"dodge",5284
6200,"dodge",99988
3700,"dodge",84109
24000,"dodge",88539
20800,"dodge",33739
18500,"dodge",101017
18300,"dodge",13906
21000,"dodge",20601
1300,"dodge",135561
11900,"dodge",23421
950,"dodge",145174
26800,"dodge",21309
800,"dodge",217576
21000,"dodge",10350
1900,"dodge",157636
33500,"dodge",8605
900,"dodge",139404
21000,"dodge",10170
26800,"dodge",22272
5700,"dodge",101906
18500,"dodge",27019
33000,"dodge",10930
11000,"dodge",73552
15800,"dodge",37107
3600,"dodge",124247
16300,"dodge",36993
2700,"dodge",67133
12800,"dodge",33580
9700,"dodge",94140
18300,"dodge",10447
16000,"dodge",10229
21000,"dodge",6269
3700,"dodge",98699
33000,"dodge",10631
14700,"dodge",44381
33000,"dodge",13960
15900,"dodge",14051
33000,"dodge",20800
33000,"dodge",8873
32500,"dodge",15502
33000,"dodge",9669
13000,"dodge",50873
33000,"dodge",14117
16500,"dodge",46820
33000,"dodge",7247
34500,"dodge",40991
33500,"dodge",9023
48000,"dodge",8047
54500,"dodge",3966
13200,"dodge",41014
31500,"dodge",20907
17400,"dodge",89795
26000,"dodge",57158
1700,"dodge",126718
11000,"dodge",83976
21000,"dodge",12554
5500,"dodge",60707
7500,"dodge",40110
15800,"dodge",28038
16900,"dodge",26643
25000,"dodge",36127
18000,"dodge",19983
15600,"dodge",29926
23800,"dodge",36750
16800,"dodge",27312
22700,"dodge",49575
23300,"dodge",30279
23500,"dodge",25825
25500,"dodge",32474
21800,"dodge",30585
22800,"dodge",36203
18200,"dodge",29602
23500,"dodge",28689
25700,"dodge",31447
15700,"dodge",39148
17500,"dodge",33495
15700,"dodge",35274
16500,"dodge",48745
16100,"dodge",31297
15600,"dodge",38745
15400,"dodge",37704
28200,"dodge",27060
15300,"dodge",40002
15900,"dodge",34930
17700,"dodge",22863
15800,"dodge",36876
15900,"dodge",34264
25300,"dodge",17515
16300,"dodge",27071
29500,"dodge",14656
14500,"dodge",35652
15400,"dodge",30055
15400,"dodge",43088
15100,"dodge",33641
15000,"dodge",34797
15500,"dodge",43943
15000,"dodge",35744
15200,"dodge",31542
15700,"dodge",26899
16100,"dodge",29985
16300,"dodge",37009
16000,"dodge",30731
16900,"dodge",30062
17000,"dodge",28295
17300,"dodge",25534
15900,"dodge",29716
15700,"dodge",34294
16900,"dodge",27643
15500,"dodge",35516
15100,"dodge",40674
15500,"dodge",32494
15400,"dodge",35047
16500,"dodge",32898
42500,"dodge",13740
16600,"dodge",23132
15200,"dodge",37174
15800,"dodge",34023
16900,"dodge",30021
11100,"dodge",51469
15600,"dodge",31237
16900,"dodge",30186
15300,"dodge",41956
16600,"dodge",30727
21800,"dodge",38956
36500,"dodge",22036
26300,"dodge",26462
20900,"dodge",23143
20100,"dodge",17340
26700,"dodge",29749
23900,"dodge",35248
14500,"dodge",40417
23000,"dodge",30309
15000,"dodge",42303
15000,"dodge",35326
28500,"ford",92100
28000,"ford",99375
9000,"ford",72418
28700,"ford",29733
25000,"ford",119439
17347,"ford",54396
13800,"ford",91606
25888,"ford",2807
8500,"ford",78739
21289,"ford",71955
17999,"ford",48472
2700,"ford",98470
30977,"ford",28937
13799,"ford",83693
20500,"ford",90888
8500,"ford",216942
9900,"ford",205796
65500,"ford",6500
24500,"ford",39943
32500,"ford",5920
9200,"ford",71478
17700,"ford",119520
18300,"ford",10882
43500,"ford",29010
15200,"ford",69003
36200,"ford",16207
21900,"ford",29748
20700,"ford",25582
12300,"ford",24520
4200,"ford",104383
19500,"ford",34164
14300,"ford",6975
13700,"ford",67150
13200,"ford",100820
6200,"ford",142286
6500,"ford",60015
1500,"ford",126381
2200,"ford",128753
4200,"ford",0
8700,"ford",64598
3200,"ford",111532
9000,"ford",149346
20000,"ford",43567
33000,"ford",36004
23300,"ford",10935
8750,"ford",150484
11975,"ford",122014
23600,"ford",19363
12000,"ford",42902
30900,"ford",401
23900,"ford",11077
40400,"ford",34100
38000,"ford",30018
27000,"ford",18279
24000,"ford",7373
30000,"ford",2590
16200,"ford",41662
30000,"ford",15019
23900,"ford",9420
13800,"ford",41864
23700,"ford",16829
24300,"ford",6290
54900,"ford",14393
22500,"ford",14599
39000,"ford",25839
13900,"ford",60715
24700,"ford",23350
20100,"ford",62386
22000,"ford",6248
38200,"ford",878
24400,"ford",49710
35000,"ford",2042
18600,"ford",7742
22700,"ford",39733
38000,"ford",33701
17000,"ford",67542
17500,"ford",35095
23200,"ford",8652
30700,"ford",51107
23500,"ford",14987
26400,"ford",28252
23500,"ford",16009
38000,"ford",47866
23600,"ford",11004
19300,"ford",42895
23200,"ford",9490
13800,"ford",39027
23600,"ford",13466
23200,"ford",8737
40000,"ford",23960
23400,"ford",5562
23600,"ford",13763
23000,"ford",10444
25500,"ford",41696
23500,"ford",15787
29900,"ford",9167
23200,"ford",17541
50500,"ford",24686
23400,"ford",15210
24500,"ford",54601
49000,"ford",2205
25400,"ford",35691
23000,"ford",32788
6000,"ford",180471
22400,"ford",42925
22500,"ford",37385
25200,"ford",15415
36000,"ford",20047
26700,"ford",16884
30500,"ford",57936
26700,"ford",15244
25000,"ford",19842
35200,"ford",38830
30300,"ford",31899
25000,"ford",69305
26500,"ford",46098
21600,"ford",29457
18800,"ford",30765
21500,"ford",29096
9000,"ford",40437
16700,"ford",69004
16800,"ford",65179
15700,"ford",75862
16800,"ford",68319
19500,"ford",80354
20500,"ford",51441
17400,"ford",70954
17500,"ford",92500
26000,"ford",66367
56700,"ford",13884
5000,"ford",202565
40200,"ford",26484
54000,"ford",703
65200,"ford",18138
32500,"ford",28007
25500,"ford",11251
63000,"ford",11640
44000,"ford",10763
70000,"ford",9643
56200,"ford",33930
35000,"ford",26451
57700,"ford",21101
74000,"ford",10536
60200,"ford",31744
60000,"ford",18062
63000,"ford",17942
22500,"ford",43646
8300,"ford",71989
8300,"ford",138328
21000,"ford",95386
19300,"ford",23740
16400,"ford",36064
27300,"ford",18805
26400,"ford",151035
35100,"ford",10099
41500,"ford",9800
34100,"ford",10483
28600,"ford",17544
34100,"ford",10167
28700,"ford",11457
24700,"ford",26590
46500,"ford",35346
29000,"ford",12953
25500,"ford",26693
39500,"ford",25071
33100,"ford",33538
30500,"ford",9915
3600,"ford",1
16800,"ford",9910
24000,"ford",16765
58500,"ford",4970
55000,"ford",43964
28800,"ford",40785
26800,"ford",108998
36000,"ford",58576
20000,"ford",55475
46700,"ford",35929
42800,"ford",21669
21800,"ford",16079
18800,"ford",41147
18800,"ford",45798
30200,"ford",21703
27500,"ford",22284
37500,"ford",24567
19100,"ford",30594
17100,"ford",52747
13500,"ford",21592
54500,"ford",19853
9000,"ford",25201
16400,"ford",10351
17000,"ford",1117
24800,"ford",37279
26800,"ford",30113
19400,"ford",27570
20000,"ford",45188
7000,"ford",149712
25100,"ford",25030
2000,"ford",105743
18200,"ford",9861
14200,"ford",1751
56500,"ford",30629
2000,"ford",52883
26500,"ford",122
34300,"ford",28534
43500,"ford",80699
3500,"ford",72851
37200,"ford",24078
12800,"ford",38639
15000,"ford",146807
12500,"ford",31871
21500,"ford",76876
17300,"ford",28070
27000,"ford",3189
31800,"ford",28359
13000,"ford",42890
31800,"ford",29328
46300,"ford",47531
6000,"ford",57345
22800,"ford",67546
45000,"ford",18153
49500,"ford",17689
3000,"ford",137171
20000,"ford",63445
25300,"ford",26422
4000,"ford",149319
45500,"ford",18767
9100,"ford",38289
48000,"ford",22960
47000,"ford",17263
49500,"ford",16981
31200,"ford",13058
18500,"ford",45887
15500,"ford",21740
30500,"ford",17707
45500,"ford",19121
31500,"ford",18856
11000,"ford",84752
46500,"ford",19555
31500,"ford",16340
32000,"ford",17242
23900,"ford",28733
31500,"ford",16019
18500,"ford",75580
1500,"ford",113444
46000,"ford",19227
31500,"ford",13633
14700,"ford",37739
2700,"ford",103541
47500,"ford",24072
31500,"ford",17657
8900,"ford",77392
7000,"ford",11930
49000,"ford",19731
31500,"ford",15581
8900,"ford",70181
48000,"ford",16143
50000,"ford",17995
47300,"ford",23926
45000,"ford",57929
49000,"ford",20758
40200,"ford",10028
48000,"ford",21051
5000,"ford",136307
8200,"ford",105880
49000,"ford",19985
4000,"ford",102590
39000,"ford",27612
29000,"ford",90855
46500,"ford",19936
7805,"ford",64495
22000,"ford",39477
18800,"ford",25698
33000,"ford",73849
39500,"ford",25422
16900,"ford",47866
42500,"ford",31236
39500,"ford",26755
25500,"ford",49177
49500,"ford",20749
25000,"ford",15003
40000,"ford",12247
26000,"ford",1
29500,"ford",10808
23000,"ford",11263
25500,"ford",42307
44500,"ford",17484
15600,"ford",37106
23100,"ford",9539
37000,"ford",2384
14500,"ford",20590
23000,"ford",13896
26500,"ford",9451
18000,"ford",31657
35700,"ford",33907
31000,"ford",10028
2000,"ford",175640
40400,"ford",30770
43600,"ford",15141
22600,"ford",18431
26000,"ford",9604
23200,"ford",9516
29000,"ford",9718
22800,"ford",16506
3450,"ford",192108
31000,"ford",11028
22900,"ford",11313
3000,"ford",141595
28000,"ford",12886
23200,"ford",9556
27000,"ford",13269
22800,"ford",16770
31500,"ford",13526
23400,"ford",16391
28000,"ford",11437
23400,"ford",17964
28000,"ford",5440
24900,"ford",13035
23500,"ford",15759
36000,"ford",30002
28700,"ford",13673
16000,"ford",24480
31000,"ford",13230
16500,"ford",137789
28500,"ford",13516
10800,"ford",81660
28500,"ford",11763
25000,"ford",34165
31000,"ford",13458
7800,"ford",104867
28500,"ford",14004
9500,"ford",69829
28500,"ford",13405
14500,"ford",96151
25000,"ford",12688
14500,"ford",116519
28500,"ford",12260
12100,"ford",29367
29400,"ford",18982
24700,"ford",23795
8700,"ford",76572
29500,"ford",15964
25800,"ford",28117
17500,"ford",116730
23900,"ford",21055
22900,"ford",27794
19500,"ford",56995
29500,"ford",16625
24500,"ford",27689
11000,"ford",39851
22400,"ford",31727
15700,"ford",31586
11000,"ford",33717
28000,"ford",18418
13500,"ford",39013
7300,"ford",125451
25100,"ford",21346
24100,"ford",21150
6500,"ford",103862
10500,"ford",22001
16900,"ford",31261
6000,"ford",140870
28500,"ford",14358
16200,"ford",41672
6500,"ford",95655
24500,"ford",19493
16500,"ford",36956
56500,"ford",23223
10400,"ford",13085
22800,"ford",36124
26500,"ford",19147
23800,"ford",24993
24700,"ford",41127
12400,"ford",32365
16600,"ford",27774
11200,"ford",105027
15900,"ford",27806
7700,"ford",54198
15100,"ford",30181
7200,"ford",82670
15600,"ford",36305
39700,"ford",10475
16000,"ford",34734
7500,"ford",186713
15500,"ford",132150
19000,"ford",12928
5500,"ford",116539
38700,"ford",59549
21000,"ford",12174
28500,"ford",96129
37200,"ford",89809
18500,"ford",18202
15000,"ford",128505
37700,"ford",43527
22200,"ford",15792
39950,"ford",9278
37600,"ford",41925
18500,"ford",16924
10000,"ford",119869
20500,"ford",17260
5700,"ford",89490
21000,"ford",40772
22500,"ford",25623
29000,"ford",11669
13200,"ford",138524
25500,"ford",13644
25700,"ford",147935
18900,"ford",44456
31500,"ford",20357
45500,"ford",66366
11000,"ford",43532
18288,"ford",45218
20000,"ford",85688
36600,"ford",58902
18299,"ford",59869
10000,"ford",35021
4100,"ford",100264
30995,"ford",157057
1750,"ford",181316
31500,"ford",23222
13500,"ford",87686
7500,"ford",162918
650,"ford",0
22800,"ford",32526
11300,"ford",69402
32700,"ford",76336
1350,"ford",163334
21900,"ford",47628
11700,"ford",135283
6500,"ford",147903
9800,"ford",74181
11000,"ford",77386
1150,"ford",123349
13000,"ford",136661
5500,"ford",109600
6000,"ford",125369
11200,"ford",122861
5000,"ford",110826
23400,"ford",12198
13500,"ford",45512
22900,"ford",15656
20000,"ford",23984
22900,"ford",15821
27000,"ford",12748
54500,"ford",9865
20600,"ford",17858
23500,"ford",6711
53000,"ford",14939
23600,"ford",15820
33500,"ford",6140
24400,"ford",25552
13000,"ford",54984
48400,"ford",24783
26500,"ford",148442
46200,"ford",34191
9300,"ford",82072
13500,"ford",104559
27600,"ford",13265
7400,"ford",133314
26500,"ford",22458
26000,"ford",70106
24500,"ford",23712
2100,"ford",101848
16700,"ford",14994
17500,"ford",59726
17000,"ford",16448
22500,"ford",28801
34500,"ford",28938
16600,"ford",19022
7500,"ford",93832
34500,"ford",25046
25000,"ford",22318
36000,"ford",17301
23700,"ford",27413
28600,"ford",39733
23500,"ford",74195
25300,"ford",44383
24900,"ford",19151
20300,"ford",188394
23400,"ford",2452
14600,"ford",36252
25500,"ford",27136
14700,"ford",35951
33700,"ford",35221
33400,"ford",33808
34000,"ford",32022
17500,"ford",34173
14100,"ford",24272
30000,"ford",19055
16500,"ford",34822
30600,"ford",15422
12800,"ford",24765
26000,"ford",23019
46000,"ford",38243
28500,"ford",16509
24300,"ford",18762
29000,"ford",28854
15300,"ford",17392
27900,"ford",13558
24700,"ford",27082
14400,"ford",17510
15000,"ford",24662
17200,"ford",96076
12800,"ford",22858
46900,"ford",740
2800,"ford",110748
16200,"ford",25090
25200,"ford",7
34800,"ford",34277
52000,"ford",34527
26000,"ford",99923
40600,"ford",39170
55000,"ford",16569
5000,"ford",80612
36400,"ford",36616
7500,"ford",92165
14700,"ford",44778
43900,"ford",2089
6400,"ford",91652
41100,"ford",35801
23000,"ford",88781
13900,"ford",36978
19000,"ford",189776
34800,"ford",35233
22000,"ford",151641
16300,"ford",37044
18800,"ford",15835
13000,"ford",201187
40900,"ford",41928
47000,"ford",37059
12800,"ford",33763
25500,"ford",29850
17800,"ford",26675
25700,"ford",17828
17200,"ford",29632
35000,"ford",11544
28800,"ford",21976
39200,"ford",43617
13600,"ford",49254
24200,"ford",51589
46900,"ford",41399
26500,"ford",11734
24700,"ford",41628
12600,"ford",15075
31800,"ford",26591
24500,"ford",22906
26000,"ford",33462
21000,"ford",32747
22500,"ford",33717
7700,"ford",85218
23100,"ford",23512
9200,"ford",57853
19600,"ford",33324
11700,"ford",23803
27300,"ford",31260
14300,"ford",69428
23600,"ford",15755
6200,"ford",90946
22400,"ford",51370
5700,"ford",99941
23600,"ford",15456
4600,"ford",141603
37500,"ford",2382
10700,"ford",99544
31900,"ford",21546
31600,"ford",16293
12600,"ford",40375
5300,"ford",143191
3900,"ford",363
13000,"ford",59656
11800,"ford",37878
24600,"ford",20628
14500,"ford",71205
24300,"ford",26186
12300,"ford",38157
14800,"ford",30325
17100,"ford",31561
6800,"ford",66655
20300,"ford",19029
26300,"ford",11739
22500,"ford",50423
41200,"ford",25638
20400,"ford",59798
49900,"ford",5035
12100,"ford",32284
24000,"ford",40371
9500,"ford",107569
9000,"ford",96451
9800,"ford",94851
7800,"ford",108727
17200,"ford",91979
18800,"ford",76258
9800,"ford",147574
7000,"ford",104764
44000,"ford",16934
23400,"ford",13822
30700,"ford",5250
15600,"ford",33451
22600,"ford",14291
22900,"ford",16725
22800,"ford",13002
22700,"ford",18902
23000,"ford",9732
22700,"ford",18947
23000,"ford",8402
34400,"ford",17450
36500,"ford",53986
23100,"ford",15848
23300,"ford",10770
22600,"ford",14587
4500,"ford",98625
23000,"ford",10916
8000,"ford",107173
11500,"ford",10134
9400,"ford",43056
23000,"ford",10655
2800,"ford",173601
22600,"ford",14231
23000,"ford",8985
5200,"ford",84338
19200,"ford",104290
10100,"ford",45592
6200,"ford",103960
14000,"ford",110333
5000,"ford",138516
9200,"ford",49094
14700,"ford",97526
3000,"ford",87420
30200,"ford",67052
3800,"ford",58913
3200,"ford",999999
21500,"ford",14482
4900,"ford",57084
23000,"ford",90251
11200,"ford",97320
10400,"ford",80652
13200,"ford",99816
5200,"ford",115429
10500,"ford",85549
11900,"ford",83030
21200,"ford",130168
23500,"ford",80090
4700,"ford",118593
11100,"ford",143704
22000,"ford",53507
14000,"ford",48408
9200,"ford",109672
23300,"ford",28549
21700,"ford",114500
11200,"ford",67140
11300,"ford",42168
4200,"ford",80032
10900,"ford",52240
42300,"ford",34874
10500,"ford",119689
43400,"ford",37355
12500,"ford",100947
15900,"ford",26040
42500,"ford",36638
15000,"ford",137004
24700,"ford",31794
15500,"ford",131106
49000,"ford",22013
29000,"ford",42291
16800,"ford",13155
51000,"ford",24869
16500,"ford",18454
10000,"ford",16694
27900,"ford",28922
23700,"ford",23534
20000,"ford",24581
45600,"ford",35646
6000,"ford",129873
15600,"ford",28669
25000,"ford",32454
28500,"ford",21800
8000,"ford",231769
19990,"ford",23796
34400,"ford",42506
30999,"ford",6249
41000,"ford",47496
27999,"ford",10700
42000,"ford",39604
8000,"ford",250831
29795,"ford",7275
24700,"ford",8806
13995,"ford",105115
2900,"ford",57340
35400,"ford",36167
24549,"ford",44941
8900,"ford",53102
15800,"ford",26637
18500,"ford",45814
32000,"ford",17310
28300,"ford",24116
10500,"ford",14128
24970,"ford",49882
13800,"ford",38964
2580,"ford",102705
59975,"ford",71
2500,"ford",98620
28990,"ford",15825
50000,"ford",29499
33800,"ford",100255
59975,"ford",174
2500,"ford",167552
46999,"ford",16956
16700,"ford",36896
34700,"ford",77281
28900,"ford",24795
30800,"ford",16771
27100,"ford",28692
13388,"ford",113821
26000,"ford",19793
17900,"ford",27940
23400,"ford",24987
29800,"ford",18367
23700,"ford",14109
1725,"ford",158781
33995,"ford",27369
23500,"ford",30208
32500,"ford",24024
2500,"ford",64999
39000,"ford",8404
11000,"ford",8884
32500,"ford",24126
800,"ford",129659
26900,"ford",31713
11200,"ford",109996
21000,"ford",6821
32000,"ford",17867
7300,"ford",110253
12800,"ford",39364
24190,"ford",4018
29100,"ford",21054
29000,"ford",48309
17300,"ford",68666
19888,"ford",34071
31000,"ford",13600
37200,"ford",44956
8600,"ford",72607
24857,"ford",33815
23500,"ford",31491
26100,"ford",32149
10800,"ford",26654
20995,"ford",36637
29300,"ford",17000
33100,"ford",15960
13800,"ford",40774
19498,"ford",40338
14900,"ford",40505
8700,"ford",30735
20600,"ford",33965
5000,"ford",7339
19995,"ford",42470
14900,"ford",40670
19500,"ford",41233
24500,"ford",13162
15000,"ford",38744
26985,"ford",14023
31000,"ford",9741
24300,"ford",31017
16800,"ford",37786
17200,"ford",32415
34995,"ford",10421
24300,"ford",29305
26400,"ford",51309
16800,"ford",38001
15500,"ford",18849
19440,"ford",43269
16700,"ford",36989
29000,"ford",29320
16100,"ford",34244
17200,"ford",32938
20950,"ford",40793
46200,"ford",94741
29400,"ford",25011
2825,"ford",363810
32999,"ford",6881
6600,"ford",80423
50200,"ford",92405
28300,"ford",15436
12000,"ford",104665
32999,"ford",16194
12600,"ford",48188
5200,"ford",65164
20500,"ford",35930
1200,"ford",167376
35999,"ford",13674
41000,"ford",9235
33100,"ford",103002
23500,"ford",12836
18799,"ford",137728
33999,"ford",6921
35000,"ford",14359
26100,"ford",58118
15400,"ford",31124
25998,"ford",25734
31831,"ford",14059
40400,"ford",13472
15400,"ford",123983
13500,"ford",35023
25995,"ford",39509
27990,"ford",4512
23985,"ford",51884
27995,"ford",4181
13995,"ford",56703
29988,"ford",4712
12995,"ford",102800
21687,"ford",7109
25200,"ford",100943
29590,"ford",3915
28999,"ford",15550
13942,"ford",62542
15300,"ford",38370
35400,"ford",671
32700,"ford",61477
13995,"ford",73891
1850,"ford",168805
15800,"ford",82564
36000,"ford",85649
15495,"ford",48374
21500,"ford",11990
7200,"ford",64111
17589,"ford",28771
31700,"ford",126708
31790,"ford",27165
18100,"ford",106546
14495,"ford",54778
15000,"ford",11729
26400,"ford",85197
27990,"ford",19130
19700,"ford",72369
15300,"ford",59646
22000,"ford",68418
23999,"ford",8400
16488,"ford",45084
12784,"ford",67037
23400,"ford",64135
9705,"ford",72377
25999,"ford",39367
34977,"ford",46540
19000,"ford",40677
15995,"ford",69438
13487,"ford",96246
18707,"ford",69719
15290,"ford",75933
15600,"ford",54325
47000,"ford",24902
16080,"ford",31793
50000,"ford",16505
15268,"ford",74361
47500,"ford",27868
18497,"ford",34011
10000,"ford",19993
19995,"ford",48115
49000,"ford",22543
17150,"ford",67091
45000,"ford",28790
14295,"ford",59391
49000,"ford",18449
16190,"ford",71824
49000,"ford",19304
17899,"ford",39159
26000,"ford",18708
14000,"ford",79430
15500,"ford",12393
16888,"ford",56329
28000,"ford",12155
8305,"ford",63291
21822,"ford",36041
15500,"ford",25810
12500,"ford",130388
15995,"ford",23878
16000,"ford",15460
38200,"ford",46710
12995,"ford",65342
14488,"ford",64061
17500,"ford",93164
21995,"ford",35629
8500,"ford",118483
16593,"ford",71573
13000,"ford",33660
14247,"ford",61168
23500,"ford",42241
16999,"ford",21004
25000,"ford",45003
20159,"ford",45278
31000,"ford",1
22500,"ford",24747
29500,"ford",48707
59900,"ford",2162
24000,"ford",50874
20500,"ford",70727
27200,"ford",29382
24900,"ford",33194
24500,"ford",52084
34000,"ford",51122
28000,"ford",40286
27000,"ford",55420
34000,"ford",10282
42500,"ford",85278
33000,"ford",7258
10200,"ford",93350
25600,"ford",37166
16300,"ford",69480
26500,"ford",34679
36500,"ford",24151
25900,"ford",32796
22500,"ford",67979
29000,"ford",18690
825,"ford",78072
10500,"ford",54251
32000,"ford",32262
27700,"ford",92358
4000,"ford",90740
38800,"ford",35225
26200,"ford",129063
19500,"ford",49985
11700,"ford",52340
34000,"ford",21406
38600,"ford",16619
21500,"ford",41293
38500,"ford",37053
38500,"ford",34532
12000,"ford",13328
30500,"ford",56836
11300,"ford",48080
29500,"ford",12271
16100,"ford",97318
32500,"ford",12717
29000,"ford",12764
30000,"ford",19951
26000,"ford",32458
26000,"ford",21616
18500,"ford",17755
12000,"ford",73846
30000,"ford",15771
14700,"ford",29168
25000,"ford",159182
26550,"ford",15296
27000,"ford",30476
34000,"ford",131754
27500,"ford",26095
25500,"ford",22107
13500,"ford",31207
4000,"ford",112810
25700,"ford",19058
29000,"ford",109137
30500,"ford",24058
30000,"ford",6967
9000,"ford",118340
19000,"ford",36145
25800,"ford",33942
26500,"ford",38868
29300,"ford",36190
6300,"ford",37177
25400,"ford",39267
26000,"ford",33350
7000,"ford",57889
25900,"ford",34081
9700,"ford",26821
27000,"ford",40577
9100,"ford",52355
28000,"ford",30620
25700,"ford",22019
27500,"ford",36742
9400,"ford",32473
25500,"ford",43406
20500,"ford",34696
21500,"ford",43519
12800,"ford",37716
23900,"ford",41627
9400,"ford",29986
26900,"ford",41496
25500,"ford",20613
27000,"ford",33475
9300,"ford",32305
14400,"ford",38148
19000,"ford",39976
14000,"ford",50513
13600,"ford",31408
19200,"ford",41351
13600,"ford",32038
18600,"ford",38279
13700,"ford",30471
18200,"ford",41569
13800,"ford",31142
22000,"ford",31598
13700,"ford",31380
28000,"ford",22179
13800,"ford",29266
18600,"ford",42156
13700,"ford",30875
13700,"ford",30609
13800,"ford",29508
17700,"ford",12837
13900,"ford",29633
13900,"ford",27461
50500,"ford",74961
13600,"ford",32154
55000,"ford",37245
13800,"ford",29345
56000,"ford",25371
13800,"ford",30054
45800,"ford",11173
13800,"ford",30902
5500,"nissan",31231
14400,"nissan",10728
11450,"nissan",35374
11000,"nissan",36715
11450,"nissan",33437
11000,"nissan",36788
11200,"nissan",35491
11400,"nissan",33644
11450,"nissan",35831
11050,"nissan",35050
11400,"nissan",34924
11050,"nissan",34962
10850,"nissan",39985
10900,"nissan",38816
10450,"nissan",41579
10800,"nissan",40455
10850,"nissan",39996
10800,"nissan",41077
10850,"nissan",39183
10800,"nissan",40478
10900,"nissan",38806
10400,"nissan",45331
10500,"nissan",43531
10800,"nissan",41033
10800,"nissan",40332
11200,"nissan",22319
11100,"nissan",22305
12200,"nissan",36996
4000,"nissan",1
9000,"nissan",27611
14900,"nissan",26516
4600,"nissan",31397
6400,"nissan",18300
10400,"nissan",26743
7800,"nissan",15832
12300,"nissan",31939
10900,"nissan",31037
8500,"nissan",22521
7300,"nissan",31335
5900,"nissan",28315
20000,"nissan",83437
11200,"nissan",42250
14400,"nissan",45732
16500,"nissan",49185
13400,"nissan",45826
12500,"nissan",36844
6500,"nissan",104343
19800,"nissan",34138
8800,"nissan",34761
12800,"nissan",32656
8800,"nissan",34837
3500,"nissan",30099
750,"nissan",37088
10800,"nissan",41729
22300,"nissan",17195
8300,"nissan",43064
8300,"nissan",47510
8000,"nissan",52571
15200,"nissan",12129
6700,"nissan",62280
7500,"nissan",74859
10500,"nissan",59508
8400,"nissan",58529
7000,"nissan",24396
25500,"nissan",10317
4100,"nissan",37619
13900,"nissan",15160
1900,"nissan",91898
14700,"nissan",31198
1900,"nissan",144015
18800,"nissan",15621
7800,"nissan",54815
13500,"nissan",53011
8000,"nissan",56255
3300,"nissan",100225
7200,"nissan",54117
8000,"nissan",54119
1280,"nissan",162176
14000,"nissan",37655
3500,"nissan",101178
600,"nissan",206142
12500,"nissan",43187
5800,"nissan",105590
8000,"nissan",53903
2200,"nissan",73382
8300,"nissan",48977
7500,"nissan",77504
8000,"nissan",50871
3500,"nissan",107734
8000,"nissan",53098
2000,"nissan",159990
7800,"nissan",51552
8000,"nissan",54692
18500,"nissan",18611
8000,"nissan",51654
18300,"nissan",24046
7500,"nissan",65184
29800,"nissan",37398
21100,"nissan",19597
16200,"nissan",34122
6998,"nissan",43651
14700,"nissan",15387
19000,"nissan",264
7500,"nissan",58126
7998,"nissan",62921
10999,"nissan",43279
2900,"nissan",117844
8495,"nissan",45043
19925,"nissan",42837
9500,"nissan",42782
12750,"nissan",24629
22800,"nissan",35902
11621,"nissan",12840
11590,"nissan",63933
4700,"nissan",100079
11390,"nissan",37953
14500,"nissan",8677
12000,"nissan",11583
15000,"nissan",14320
7500,"nissan",19723
28000,"nissan",29554
17500,"nissan",39309
18000,"nissan",34951
13200,"nissan",35870
17000,"nissan",44423
6700,"nissan",92982
23300,"nissan",36844
26800,"nissan",33605
18200,"nissan",28009
18700,"nissan",41366
12900,"nissan",98354
16000,"nissan",39598
19400,"nissan",21009
10900,"nissan",28880
15800,"nissan",28626
19800,"nissan",14850
19000,"nissan",41096
18000,"nissan",12748
19800,"nissan",14531
19700,"nissan",15931
20100,"nissan",10875
19700,"nissan",31172
23400,"nissan",16248
23300,"nissan",18137
17500,"nissan",25664
17100,"nissan",31026
15800,"nissan",41287
13600,"nissan",43612
14400,"nissan",29545
19800,"nissan",24303
17200,"nissan",29661
20300,"nissan",18857
20500,"nissan",14470
16500,"nissan",42364
16000,"nissan",37108
14600,"nissan",26432
16300,"nissan",24174
15400,"nissan",30756
15800,"nissan",32473
15800,"nissan",22947
21400,"nissan",17127
15300,"nissan",20793
20100,"nissan",32519
11300,"nissan",26930
10700,"nissan",40839
16000,"nissan",44732
16600,"nissan",19292
15800,"nissan",24155
11600,"nissan",33369
15000,"nissan",28918
17600,"nissan",21623
36300,"nissan",16224
15600,"nissan",26406
14000,"nissan",27790
16600,"nissan",19182
12600,"nissan",11837
20900,"nissan",21774
12700,"nissan",17738
15600,"nissan",27206
18900,"nissan",20508
15700,"nissan",24987
21900,"nissan",21273
21700,"nissan",23863
14600,"nissan",31566
12000,"nissan",25261
21000,"nissan",20628
12500,"nissan",48765
15900,"nissan",30645
11800,"nissan",60158
9900,"nissan",39985
10600,"nissan",39208
10100,"nissan",45080
13300,"nissan",39247
10100,"nissan",46382
10300,"nissan",39893
10300,"nissan",41203
10300,"nissan",40648
24000,"nissan",31551
10400,"nissan",38761
10200,"nissan",42838
9500,"nissan",41557
10500,"nissan",41136
10500,"nissan",41141
3500,"nissan",115716
9300,"nissan",52260
14100,"nissan",22041
2425,"nissan",161836
925,"nissan",83720
11000,"nissan",37605
11000,"nissan",63738
2100,"nissan",155704
800,"nissan",234792
20400,"nissan",24143
375,"nissan",1
3000,"nissan",132655
15100,"nissan",28079
4000,"nissan",74906
19500,"nissan",53155
22600,"nissan",94258
6500,"nissan",65620
11800,"nissan",92878
20500,"nissan",25918
14200,"nissan",37830
22000,"nissan",13875
16200,"nissan",6024
4800,"nissan",76789
16000,"nissan",30409
14300,"nissan",44864
16800,"nissan",42397
11900,"nissan",16778
3000,"nissan",99767
15000,"nissan",34692
15200,"nissan",30721
18000,"nissan",53376
22700,"nissan",21282
3800,"nissan",81699
5475,"nissan",33048
11400,"nissan",10372
28100,"nissan",8889
3500,"nissan",127780
15200,"nissan",59640
1950,"nissan",83975
13400,"nissan",46178
12500,"nissan",34460
16500,"nissan",30594
16500,"nissan",39817
16500,"nissan",40419
13900,"nissan",35493
13900,"nissan",37073
1500,"nissan",98384
16500,"nissan",34640
13900,"nissan",38760
16500,"nissan",34841
13900,"nissan",35065
12400,"nissan",37741
13000,"nissan",27488
16500,"nissan",37452
13900,"nissan",39797
16500,"nissan",36714
13900,"nissan",36207
13900,"nissan",38563
13900,"nissan",39885
12100,"nissan",41852
16500,"nissan",39454
16500,"nissan",40203
13900,"nissan",34547
3700,"nissan",75858
18800,"nissan",31123
9200,"nissan",33808
30100,"nissan",30599
9200,"nissan",33931
11100,"nissan",40359
13900,"nissan",44313
9100,"nissan",33078
22800,"nissan",24320
13900,"nissan",42502
12600,"nissan",33497
9200,"nissan",39577
12100,"nissan",36974
9200,"nissan",41220
2300,"nissan",1
13900,"nissan",41539
9500,"nissan",19646
13900,"nissan",39924
1700,"nissan",33279
13900,"nissan",40259
10400,"nissan",25264
9200,"nissan",35677
7400,"nissan",35511
9200,"nissan",33027
7800,"nissan",23609
9200,"nissan",34553
9200,"nissan",31594
9200,"nissan",32557
9200,"nissan",31371
